{"cameraMode":{"drawMode":0,"name":"Shaded","section":"Shading Mode"},"sceneLighting":true,"audioPlay":false,"sceneViewState":{"showFog":true,"showMaterialUpdate":false,"showSkybox":true,"showFlares":true,"showImageEffects":true,"showParticleSystems":true},"in2DMode":false,"pivot":{"x":3.1719541549682619,"y":-1.3203125,"z":-3.1235899925231935},"rotation":{"x":-0.0007865887600928545,"y":0.8514764308929443,"z":-0.5243907570838928,"w":-0.0012772209011018277},"size":44.012184143066409,"orthographic":true}